libname,Umuwell
N701_S502,a2
N701_S503,a5
N701_S504,a6
N701_S505,a8
N701_S506,a11
N701_S507,a12
N702_S502,b2
N702_S503,b5
N702_S504,b6
N702_S505,b8
N702_S506,b11
N702_S507,b12
N703_S502,c2
N703_S503,c5
N703_S504,c6
N703_S505,c8
N703_S506,c11
N703_S507,c12
N704_S502,d2
N704_S503,d5
N704_S504,d6
N704_S505,d8
N704_S506,d11
N704_S507,d12
N705_S502,e2
N705_S503,e5
N705_S504,e6
N705_S505,e8
N705_S506,e11
N705_S507,e12
N706_S502,f2
N706_S503,f5
N706_S504,f6
N706_S505,f8
N706_S506,f11
N706_S507,f12
N707_S502,k2
N707_S503,k5
N707_S504,k6
N707_S505,k8
N707_S506,k11
N707_S507,k12
N708_S502,l2
N708_S503,l5
N708_S504,l6
N708_S505,l8
N708_S506,l11
N708_S507,l12
N709_S502,m2
N709_S503,m5
N709_S504,m6
N709_S505,m8
N709_S506,m11
N709_S507,m12
N709_S508,tube4
N701_S508,tube2
N702_S508,tube3
N703_S508,tube1
N704_S508,tube5
N705_S508,tube6
N706_S508,tube7
N707_S508,tube8
N708_S508,tube9
N710_S502,tube10
N711_S503,tube11
N712_S504,tube12
